[{"model": "auth.user", "pk": 1, "fields": {"password": "pbkdf2_sha256$180000$mol9fc2xpMm1$2LiOPqMUKdSsxpZXRv0j5rt8Lo7nt+Y5QSQPmkhgaoQ=", "last_login": "2020-04-11T19:04:53.007Z", "is_superuser": true, "username": "admin", "first_name": "admin", "last_name": "user", "email": "iamadmin@admin.admin.com", "is_staff": true, "is_active": true, "date_joined": "2020-04-11T18:25:24.445Z", "groups": [], "user_permissions": []}}, {"model": "auth.user", "pk": 2, "fields": {"password": "pbkdf2_sha256$180000$BWZBFW4v19iv$eMQf9gCx7mR/8rTPQINKtULItnWH4LKP+C10614iLCY=", "last_login": null, "is_superuser": false, "username": "demovol", "first_name": "Demo", "last_name": "Vol 1", "email": "email@gmail.com", "is_staff": false, "is_active": true, "date_joined": "2020-04-11T18:26:38.546Z", "groups": [], "user_permissions": []}}, {"model": "auth.user", "pk": 3, "fields": {"password": "pbkdf2_sha256$180000$6m3Oy7yihRTT$X5jRbiIAMqsPdm9ppo6RpjYo3g6gjM6F5zaR2T3q06w=", "last_login": null, "is_superuser": false, "username": "judyf", "first_name": "Judy", "last_name": "Frolickali", "email": "judyjudyjudy@judy.com", "is_staff": false, "is_active": true, "date_joined": "2020-04-11T18:28:08.155Z", "groups": [], "user_permissions": []}}, {"model": "auth.user", "pk": 4, "fields": {"password": "pbkdf2_sha256$180000$Q0cV9MEggaEd$G8Iojb8h1A+iq+K/f94Y+0Ww58OthycPYxrdbsVwmo0=", "last_login": null, "is_superuser": false, "username": "wreck", "first_name": "Wreckit", "last_name": "Ralph", "email": "wreckit@ralphme.com", "is_staff": false, "is_active": true, "date_joined": "2020-04-11T18:29:38.646Z", "groups": [], "user_permissions": []}}, {"model": "auth.user", "pk": 5, "fields": {"password": "pbkdf2_sha256$180000$r0VNEKDFb25j$x2P8ASKKnWgIFYqvSG2VOH4uwl2J3HANYEZRx1jnx3Y=", "last_login": null, "is_superuser": false, "username": "shuashua", "first_name": "Shua", "last_name": "Shua", "email": "shua@shua.com", "is_staff": false, "is_active": true, "date_joined": "2020-04-11T18:29:41.188Z", "groups": [], "user_permissions": []}}, {"model": "auth.user", "pk": 6, "fields": {"password": "pbkdf2_sha256$180000$Y9wwjNwjCsmC$kaSDINg3gjz6ZfpUWiVrSdUF1FVGlNB1/BHKaWPDBXo=", "last_login": null, "is_superuser": false, "username": "hmccringle", "first_name": "Hingle", "last_name": "McCringleberry", "email": "hmccringleberry@eastwestbowl.com", "is_staff": false, "is_active": true, "date_joined": "2020-04-11T18:30:15.825Z", "groups": [], "user_permissions": []}}, {"model": "auth.user", "pk": 7, "fields": {"password": "pbkdf2_sha256$180000$7zi5HxsVeMc6$oKIA446CMFuDj5oHLvvOlw1Z3IRt/awYAul68AWPss4=", "last_login": "2020-04-11T18:48:43.978Z", "is_superuser": false, "username": "smithy", "first_name": "John", "last_name": "Smith", "email": "smithy@smithers.net", "is_staff": false, "is_active": true, "date_joined": "2020-04-11T18:31:15.246Z", "groups": [], "user_permissions": []}}, {"model": "auth.user", "pk": 8, "fields": {"password": "pbkdf2_sha256$180000$iY1Rh0rHusef$Jplx52hBDQYiothXkG1iN/wQK+XS9kDjKM41pYGnNxs=", "last_login": null, "is_superuser": false, "username": "benben", "first_name": "Ben", "last_name": "Ben", "email": "ben@ben.com", "is_staff": false, "is_active": true, "date_joined": "2020-04-11T18:32:01.024Z", "groups": [], "user_permissions": []}}, {"model": "auth.user", "pk": 9, "fields": {"password": "pbkdf2_sha256$180000$mbX31nxxlDV9$XZybUbG/PQxiNk5wTiJbxvJOf+EDjevt2j5QoszEYHA=", "last_login": "2020-04-11T19:16:56.561Z", "is_superuser": false, "username": "dundermifflin", "first_name": "Michael", "last_name": "Scott", "email": "dunder@mifflin.com", "is_staff": false, "is_active": true, "date_joined": "2020-04-11T18:32:16.782Z", "groups": [], "user_permissions": []}}, {"model": "auth.user", "pk": 10, "fields": {"password": "pbkdf2_sha256$180000$LHdxMf8lri2D$UllQ2dpV2E2QKFnEfEF9M9NzooeXwmhHOhSE+r4CGcE=", "last_login": null, "is_superuser": false, "username": "smoochiesmooches", "first_name": "Tyroil", "last_name": "Smoochie-Wallace", "email": "tyroil@eastwestbowl.com", "is_staff": false, "is_active": true, "date_joined": "2020-04-11T18:32:56.008Z", "groups": [], "user_permissions": []}}, {"model": "auth.user", "pk": 11, "fields": {"password": "pbkdf2_sha256$180000$aj53oZaAuOP2$EE/+QBDvkUoFXggWsPkGTjBx/rAHm+T+uWGckoQnX5g=", "last_login": null, "is_superuser": false, "username": "volvol", "first_name": "Vol", "last_name": "Unteer", "email": "mowvol@gmail.com", "is_staff": false, "is_active": true, "date_joined": "2020-04-11T18:33:22.796Z", "groups": [], "user_permissions": []}}, {"model": "auth.user", "pk": 12, "fields": {"password": "pbkdf2_sha256$180000$ZjzKQolHmFCY$abbanQAd7VZmR+G8n3ivdB3ERPNyZbpOR87IGXU6P4k=", "last_login": null, "is_superuser": false, "username": "george", "first_name": "George", "last_name": "Jones", "email": "george@tonight.com", "is_staff": false, "is_active": true, "date_joined": "2020-04-11T18:33:42.508Z", "groups": [], "user_permissions": []}}, {"model": "auth.user", "pk": 13, "fields": {"password": "pbkdf2_sha256$180000$AAE5LI8deLYd$FLzGG6HzS5izL4MJhkrDBdBdEFzjCKOhNjVZzvGWbew=", "last_login": null, "is_superuser": false, "username": "max7patek", "first_name": "Maxwell", "last_name": "Patek", "email": "max7patek@gmail.com", "is_staff": false, "is_active": true, "date_joined": "2020-04-11T18:34:03.799Z", "groups": [], "user_permissions": []}}, {"model": "sessions.session", "pk": "1borac94o5nhq4nupfdvd4c3gz9x0u7u", "fields": {"session_data": "NzRmNmE5OTcyY2ZkMThlN2YyOTcyM2U1YWY3YTk1ODgxNDQ3YzE3ZTp7Il9hdXRoX3VzZXJfaWQiOiI3IiwiX2F1dGhfdXNlcl9iYWNrZW5kIjoiZGphbmdvLmNvbnRyaWIuYXV0aC5iYWNrZW5kcy5Nb2RlbEJhY2tlbmQiLCJfYXV0aF91c2VyX2hhc2giOiJmOWJlNWJjYmQ5MGEyNmQ0N2YxNGMyNmRlOTAxZTk0MDZkYTE5YWEzIn0=", "expire_date": "2020-04-25T18:48:43.981Z"}}, {"model": "sessions.session", "pk": "4ujk89n2j41ijm7i3wlt10evhxu275fg", "fields": {"session_data": "NWEzNzY3Njk4OWE2OGZjZmIzMWYyNDExN2M3YjQwNDU5MGYwMzAxMjp7Il9hdXRoX3VzZXJfaWQiOiIxIiwiX2F1dGhfdXNlcl9iYWNrZW5kIjoiZGphbmdvLmNvbnRyaWIuYXV0aC5iYWNrZW5kcy5Nb2RlbEJhY2tlbmQiLCJfYXV0aF91c2VyX2hhc2giOiIxMjUzNWRiODQxN2QzNzgzOTBhYTcwNjllMDYyMDExNjUzYTRiMWViIn0=", "expire_date": "2020-04-25T18:25:47.477Z"}}, {"model": "sessions.session", "pk": "7p814mvjy270ro2nb3v5krnqk1rv49b1", "fields": {"session_data": "NWEzNzY3Njk4OWE2OGZjZmIzMWYyNDExN2M3YjQwNDU5MGYwMzAxMjp7Il9hdXRoX3VzZXJfaWQiOiIxIiwiX2F1dGhfdXNlcl9iYWNrZW5kIjoiZGphbmdvLmNvbnRyaWIuYXV0aC5iYWNrZW5kcy5Nb2RlbEJhY2tlbmQiLCJfYXV0aF91c2VyX2hhc2giOiIxMjUzNWRiODQxN2QzNzgzOTBhYTcwNjllMDYyMDExNjUzYTRiMWViIn0=", "expire_date": "2020-04-25T18:32:35.377Z"}}, {"model": "sessions.session", "pk": "89harmmtxv2kjv1w6hc86zkigkyzxhdy", "fields": {"session_data": "NWEzNzY3Njk4OWE2OGZjZmIzMWYyNDExN2M3YjQwNDU5MGYwMzAxMjp7Il9hdXRoX3VzZXJfaWQiOiIxIiwiX2F1dGhfdXNlcl9iYWNrZW5kIjoiZGphbmdvLmNvbnRyaWIuYXV0aC5iYWNrZW5kcy5Nb2RlbEJhY2tlbmQiLCJfYXV0aF91c2VyX2hhc2giOiIxMjUzNWRiODQxN2QzNzgzOTBhYTcwNjllMDYyMDExNjUzYTRiMWViIn0=", "expire_date": "2020-04-25T18:26:19.802Z"}}, {"model": "sessions.session", "pk": "bnehe3drvyy9hxpf993lj0jboef9dcfh", "fields": {"session_data": "NWEzNzY3Njk4OWE2OGZjZmIzMWYyNDExN2M3YjQwNDU5MGYwMzAxMjp7Il9hdXRoX3VzZXJfaWQiOiIxIiwiX2F1dGhfdXNlcl9iYWNrZW5kIjoiZGphbmdvLmNvbnRyaWIuYXV0aC5iYWNrZW5kcy5Nb2RlbEJhY2tlbmQiLCJfYXV0aF91c2VyX2hhc2giOiIxMjUzNWRiODQxN2QzNzgzOTBhYTcwNjllMDYyMDExNjUzYTRiMWViIn0=", "expire_date": "2020-04-25T18:27:27.580Z"}}, {"model": "sessions.session", "pk": "bsnmbks9ih9131auuh4y11ihjso7q8r3", "fields": {"session_data": "NWEzNzY3Njk4OWE2OGZjZmIzMWYyNDExN2M3YjQwNDU5MGYwMzAxMjp7Il9hdXRoX3VzZXJfaWQiOiIxIiwiX2F1dGhfdXNlcl9iYWNrZW5kIjoiZGphbmdvLmNvbnRyaWIuYXV0aC5iYWNrZW5kcy5Nb2RlbEJhY2tlbmQiLCJfYXV0aF91c2VyX2hhc2giOiIxMjUzNWRiODQxN2QzNzgzOTBhYTcwNjllMDYyMDExNjUzYTRiMWViIn0=", "expire_date": "2020-04-25T18:25:30.574Z"}}, {"model": "sessions.session", "pk": "gjx9bmzxkuxkmoeq0l524n1xzj0sfwvs", "fields": {"session_data": "NWEzNzY3Njk4OWE2OGZjZmIzMWYyNDExN2M3YjQwNDU5MGYwMzAxMjp7Il9hdXRoX3VzZXJfaWQiOiIxIiwiX2F1dGhfdXNlcl9iYWNrZW5kIjoiZGphbmdvLmNvbnRyaWIuYXV0aC5iYWNrZW5kcy5Nb2RlbEJhY2tlbmQiLCJfYXV0aF91c2VyX2hhc2giOiIxMjUzNWRiODQxN2QzNzgzOTBhYTcwNjllMDYyMDExNjUzYTRiMWViIn0=", "expire_date": "2020-04-25T18:44:59.994Z"}}, {"model": "sessions.session", "pk": "hawzxplbhh1opnacuog32ppx2w2rte5r", "fields": {"session_data": "NGI5MzJjMTY2YTU5MTlmYWQ0ZTVkMDhjYTMwOWJhMzVmYzI3YzdmNDp7Il9hdXRoX3VzZXJfaWQiOiI5IiwiX2F1dGhfdXNlcl9iYWNrZW5kIjoiZGphbmdvLmNvbnRyaWIuYXV0aC5iYWNrZW5kcy5Nb2RlbEJhY2tlbmQiLCJfYXV0aF91c2VyX2hhc2giOiI5ODk3NzljMDU0OWNkZTQ2Mjg4ZDYxMDMxZjk1NzlhYWRlYzQxZmY2In0=", "expire_date": "2020-04-25T19:10:06.347Z"}}, {"model": "sessions.session", "pk": "ie6zpyoio50jzlsvn0mdh3nlsg6xz0sd", "fields": {"session_data": "NGI5MzJjMTY2YTU5MTlmYWQ0ZTVkMDhjYTMwOWJhMzVmYzI3YzdmNDp7Il9hdXRoX3VzZXJfaWQiOiI5IiwiX2F1dGhfdXNlcl9iYWNrZW5kIjoiZGphbmdvLmNvbnRyaWIuYXV0aC5iYWNrZW5kcy5Nb2RlbEJhY2tlbmQiLCJfYXV0aF91c2VyX2hhc2giOiI5ODk3NzljMDU0OWNkZTQ2Mjg4ZDYxMDMxZjk1NzlhYWRlYzQxZmY2In0=", "expire_date": "2020-04-25T19:16:56.563Z"}}, {"model": "sessions.session", "pk": "jdnytwzxazcz2hkjfcqfs1ft8waq2atx", "fields": {"session_data": "NWEzNzY3Njk4OWE2OGZjZmIzMWYyNDExN2M3YjQwNDU5MGYwMzAxMjp7Il9hdXRoX3VzZXJfaWQiOiIxIiwiX2F1dGhfdXNlcl9iYWNrZW5kIjoiZGphbmdvLmNvbnRyaWIuYXV0aC5iYWNrZW5kcy5Nb2RlbEJhY2tlbmQiLCJfYXV0aF91c2VyX2hhc2giOiIxMjUzNWRiODQxN2QzNzgzOTBhYTcwNjllMDYyMDExNjUzYTRiMWViIn0=", "expire_date": "2020-04-25T18:26:17.444Z"}}, {"model": "sessions.session", "pk": "jo3cxxc2z22d4fshp8k9seeaapgme788", "fields": {"session_data": "NWEzNzY3Njk4OWE2OGZjZmIzMWYyNDExN2M3YjQwNDU5MGYwMzAxMjp7Il9hdXRoX3VzZXJfaWQiOiIxIiwiX2F1dGhfdXNlcl9iYWNrZW5kIjoiZGphbmdvLmNvbnRyaWIuYXV0aC5iYWNrZW5kcy5Nb2RlbEJhY2tlbmQiLCJfYXV0aF91c2VyX2hhc2giOiIxMjUzNWRiODQxN2QzNzgzOTBhYTcwNjllMDYyMDExNjUzYTRiMWViIn0=", "expire_date": "2020-04-25T18:25:38.070Z"}}, {"model": "sessions.session", "pk": "r3b9ypzn4k1z2veq87e339dqzhqr0xvr", "fields": {"session_data": "NWEzNzY3Njk4OWE2OGZjZmIzMWYyNDExN2M3YjQwNDU5MGYwMzAxMjp7Il9hdXRoX3VzZXJfaWQiOiIxIiwiX2F1dGhfdXNlcl9iYWNrZW5kIjoiZGphbmdvLmNvbnRyaWIuYXV0aC5iYWNrZW5kcy5Nb2RlbEJhY2tlbmQiLCJfYXV0aF91c2VyX2hhc2giOiIxMjUzNWRiODQxN2QzNzgzOTBhYTcwNjllMDYyMDExNjUzYTRiMWViIn0=", "expire_date": "2020-04-25T19:05:41.007Z"}}, {"model": "sessions.session", "pk": "tc8dm2kg5yttsu10ty2cix12if3htc34", "fields": {"session_data": "NzRmNmE5OTcyY2ZkMThlN2YyOTcyM2U1YWY3YTk1ODgxNDQ3YzE3ZTp7Il9hdXRoX3VzZXJfaWQiOiI3IiwiX2F1dGhfdXNlcl9iYWNrZW5kIjoiZGphbmdvLmNvbnRyaWIuYXV0aC5iYWNrZW5kcy5Nb2RlbEJhY2tlbmQiLCJfYXV0aF91c2VyX2hhc2giOiJmOWJlNWJjYmQ5MGEyNmQ0N2YxNGMyNmRlOTAxZTk0MDZkYTE5YWEzIn0=", "expire_date": "2020-04-25T18:45:10.321Z"}}, {"model": "sessions.session", "pk": "tjbyz5p7terr677nacobk4ee75csx9qf", "fields": {"session_data": "NWEzNzY3Njk4OWE2OGZjZmIzMWYyNDExN2M3YjQwNDU5MGYwMzAxMjp7Il9hdXRoX3VzZXJfaWQiOiIxIiwiX2F1dGhfdXNlcl9iYWNrZW5kIjoiZGphbmdvLmNvbnRyaWIuYXV0aC5iYWNrZW5kcy5Nb2RlbEJhY2tlbmQiLCJfYXV0aF91c2VyX2hhc2giOiIxMjUzNWRiODQxN2QzNzgzOTBhYTcwNjllMDYyMDExNjUzYTRiMWViIn0=", "expire_date": "2020-04-25T18:26:32.320Z"}}, {"model": "address.country", "pk": 1, "fields": {"name": "United States", "code": "US"}}, {"model": "address.state", "pk": 1, "fields": {"name": "Virginia", "code": "VA", "country": 1}}, {"model": "address.state", "pk": 2, "fields": {"name": "Alabama", "code": "AL", "country": 1}}, {"model": "address.state", "pk": 3, "fields": {"name": "Tennessee", "code": "TN", "country": 1}}, {"model": "address.state", "pk": 4, "fields": {"name": "Pennsylvania", "code": "PA", "country": 1}}, {"model": "address.locality", "pk": 1, "fields": {"name": "Charlottesville", "postal_code": "22903", "state": 1}}, {"model": "address.locality", "pk": 2, "fields": {"name": "Selma", "postal_code": "36703", "state": 2}}, {"model": "address.locality", "pk": 3, "fields": {"name": "Smithville", "postal_code": "37166", "state": 3}}, {"model": "address.locality", "pk": 4, "fields": {"name": "Scranton", "postal_code": "", "state": 4}}, {"model": "address.locality", "pk": 5, "fields": {"name": "Charlottesville", "postal_code": "", "state": 1}}, {"model": "address.locality", "pk": 6, "fields": {"name": "Charlottesville", "postal_code": "22901", "state": 1}}, {"model": "address.locality", "pk": 7, "fields": {"name": "Lake Monticello", "postal_code": "22963", "state": 1}}, {"model": "address.address", "pk": 1, "fields": {"street_number": "", "route": "", "locality": null, "raw": "", "formatted": "", "latitude": null, "longitude": null}}, {"model": "address.address", "pk": 2, "fields": {"street_number": "", "route": "Rotunda Drive", "locality": 1, "raw": "Rotunda Drive, Charlottesville, VA, USA", "formatted": "Rotunda Dr, Charlottesville, VA 22903, USA", "latitude": 38.0346902, "longitude": -78.5013765}}, {"model": "address.address", "pk": 3, "fields": {"street_number": "", "route": "", "locality": null, "raw": "", "formatted": "", "latitude": null, "longitude": null}}, {"model": "address.address", "pk": 4, "fields": {"street_number": "1815", "route": "Jefferson Park Avenue", "locality": 1, "raw": "1815 Jefferson Park Avenue, Charlottesville, VA, USA", "formatted": "1815 Jefferson Park Ave, Charlottesville, VA 22903, USA", "latitude": 38.0284773, "longitude": -78.5105752}}, {"model": "address.address", "pk": 5, "fields": {"street_number": "", "route": "", "locality": null, "raw": "", "formatted": "", "latitude": null, "longitude": null}}, {"model": "address.address", "pk": 6, "fields": {"street_number": "107", "route": "Piedmont Avenue North", "locality": 1, "raw": "107 Piedmont Ave N, Charlottesville, VA, USA", "formatted": "107 Piedmont Ave N, Charlottesville, VA 22903, USA", "latitude": 38.0264748, "longitude": -78.5190301}}, {"model": "address.address", "pk": 7, "fields": {"street_number": "", "route": "", "locality": null, "raw": "", "formatted": "", "latitude": null, "longitude": null}}, {"model": "address.address", "pk": 8, "fields": {"street_number": "", "route": "Address Lane", "locality": 2, "raw": "Address Lane, Selma, AL, USA", "formatted": "Address Ln, Selma, AL 36703, USA", "latitude": 32.426176, "longitude": -86.9040125}}, {"model": "address.address", "pk": 9, "fields": {"street_number": "", "route": "", "locality": null, "raw": "", "formatted": "", "latitude": null, "longitude": null}}, {"model": "address.address", "pk": 10, "fields": {"street_number": "85", "route": "Engineer's Way", "locality": 1, "raw": "Rice Hall Information Technology Engineering Building, Engineer's Way, Charlottesville, VA, USA", "formatted": "Rice Hall Information Technology Engineering Building, 85 Engineer's Way, Charlottesville, VA 22903, USA", "latitude": 38.0316188, "longitude": -78.5108459}}, {"model": "address.address", "pk": 11, "fields": {"street_number": "", "route": "", "locality": null, "raw": "", "formatted": "", "latitude": null, "longitude": null}}, {"model": "address.address", "pk": 12, "fields": {"street_number": "", "route": "", "locality": 3, "raw": "Smithville, TN, USA", "formatted": "Smithville, TN 37166, USA", "latitude": 35.9606185, "longitude": -85.8141516}}, {"model": "address.address", "pk": 13, "fields": {"street_number": "", "route": "", "locality": null, "raw": "", "formatted": "", "latitude": null, "longitude": null}}, {"model": "address.address", "pk": 14, "fields": {"street_number": "107", "route": "Piedmont Avenue South", "locality": 1, "raw": "107 Piedmont Ave S, Charlottesville, VA, USA", "formatted": "107 Piedmont Ave S, Charlottesville, VA 22903, USA", "latitude": 38.0252104, "longitude": -78.5188909}}, {"model": "address.address", "pk": 15, "fields": {"street_number": "", "route": "", "locality": null, "raw": "", "formatted": "", "latitude": null, "longitude": null}}, {"model": "address.address", "pk": 16, "fields": {"street_number": "", "route": "", "locality": 4, "raw": "Scranton, PA, USA", "formatted": "Scranton, PA, USA", "latitude": 41.408969, "longitude": -75.6624122}}, {"model": "address.address", "pk": 17, "fields": {"street_number": "", "route": "", "locality": null, "raw": "", "formatted": "", "latitude": null, "longitude": null}}, {"model": "address.address", "pk": 18, "fields": {"street_number": "", "route": "", "locality": null, "raw": "", "formatted": "", "latitude": null, "longitude": null}}, {"model": "address.address", "pk": 19, "fields": {"street_number": "", "route": "", "locality": 5, "raw": "Charlottesville, VA, USA", "formatted": "Charlottesville, VA, USA", "latitude": 38.0293059, "longitude": -78.4766781}}, {"model": "address.address", "pk": 20, "fields": {"street_number": "", "route": "", "locality": null, "raw": "", "formatted": "", "latitude": null, "longitude": null}}, {"model": "address.address", "pk": 21, "fields": {"street_number": "", "route": "", "locality": null, "raw": "", "formatted": "", "latitude": null, "longitude": null}}, {"model": "address.address", "pk": 22, "fields": {"street_number": "2508", "route": "Hillwood Place", "locality": 6, "raw": "2508 Hillwood Place, Charlottesville, VA, USA", "formatted": "2508 Hillwood Pl, Charlottesville, VA 22901, USA", "latitude": 38.0650797, "longitude": -78.4733069}}, {"model": "address.address", "pk": 23, "fields": {"street_number": "", "route": "", "locality": null, "raw": "", "formatted": "", "latitude": null, "longitude": null}}, {"model": "address.address", "pk": 24, "fields": {"street_number": "", "route": "Elliewood Avenue", "locality": 1, "raw": "Elliewood Avenue, Charlottesville, VA, USA", "formatted": "Elliewood Ave, Charlottesville, VA 22903, USA", "latitude": 38.0360929, "longitude": -78.5004483}}, {"model": "address.address", "pk": 25, "fields": {"street_number": "", "route": "", "locality": 7, "raw": "Monticello, VA, USA", "formatted": "Lake Monticello, VA 22963, USA", "latitude": 37.9156638, "longitude": -78.3264032}}, {"model": "address.address", "pk": 26, "fields": {"street_number": "", "route": "", "locality": 1, "raw": "Jefferson Park Avenue, Charlottesville, VA, USA", "formatted": "Jefferson Park Avenue, Charlottesville, VA 22903, USA", "latitude": 38.0295569, "longitude": -78.5078677}}, {"model": "address.address", "pk": 27, "fields": {"street_number": "1819", "route": "Jefferson Park Avenue", "locality": 1, "raw": "1819 Jefferson Park Avenue, Charlottesville, VA, USA", "formatted": "1819 Jefferson Park Ave, Charlottesville, VA 22903, USA", "latitude": 38.0282034, "longitude": -78.5111078}}, {"model": "address.address", "pk": 28, "fields": {"street_number": "", "route": "", "locality": null, "raw": "1881 Seminole Trail, Charlottesville, VA 22901", "formatted": "1881 Seminole Trail, Charlottesville, VA 22901", "latitude": null, "longitude": null}}, {"model": "address.address", "pk": 29, "fields": {"street_number": "", "route": "", "locality": null, "raw": "975 Hilton Heights Rd, Charlottesville, VA 22901", "formatted": "975 Hilton Heights Rd, Charlottesville, VA 22901", "latitude": null, "longitude": null}}, {"model": "address.address", "pk": 30, "fields": {"street_number": "", "route": "", "locality": null, "raw": "975 Emmet St N, Charlottesville, VA 22905", "formatted": "975 Emmet St N, Charlottesville, VA 22905", "latitude": null, "longitude": null}}, {"model": "address.address", "pk": 31, "fields": {"street_number": "", "route": "", "locality": null, "raw": "545 Radford Lane Blue Ridge, Charlottesville, VA 22903", "formatted": "545 Radford Lane Blue Ridge, Charlottesville, VA 22903", "latitude": null, "longitude": null}}, {"model": "address.address", "pk": 32, "fields": {"street_number": "511", "route": "Montebello Circle", "locality": 1, "raw": "511 Montebello Circle, Charlottesville, VA, USA", "formatted": "511 Montebello Cir, Charlottesville, VA 22903, USA", "latitude": 38.0311065, "longitude": -78.5106654}}, {"model": "address.address", "pk": 33, "fields": {"street_number": "", "route": "", "locality": null, "raw": "1576 Rio Rd E, Charlottesville, VA 22901", "formatted": "1576 Rio Rd E, Charlottesville, VA 22901", "latitude": null, "longitude": null}}, {"model": "address.address", "pk": 34, "fields": {"street_number": "", "route": "", "locality": null, "raw": "1626 Richmond Rd, Charlottesville, VA 22911", "formatted": "1626 Richmond Rd, Charlottesville, VA 22911", "latitude": null, "longitude": null}}, {"model": "address.address", "pk": 35, "fields": {"street_number": "", "route": "", "locality": null, "raw": "350 Woodbrook Dr, Charlottesville, VA 22901", "formatted": "350 Woodbrook Dr, Charlottesville, VA 22901", "latitude": null, "longitude": null}}, {"model": "address.address", "pk": 36, "fields": {"street_number": "", "route": "", "locality": null, "raw": "1600 Jefferson Park Avenue", "formatted": "1600 Jefferson Park Avenue", "latitude": null, "longitude": null}}, {"model": "address.address", "pk": 37, "fields": {"street_number": "1800", "route": "Jefferson Park Avenue", "locality": 1, "raw": "1800 Jefferson Park Avenue, Charlottesville, VA, USA", "formatted": "1800 Jefferson Park Ave, Charlottesville, VA 22903, USA", "latitude": 38.028643, "longitude": -78.5090309}}, {"model": "models.volunteer", "pk": 1, "fields": {"user": 1, "organization": "", "address": 2, "home_phone": "", "cell_phone": "", "work_phone": "", "birth_date": null, "notes": "", "join_date": "2020-04-11", "number_of_people": 1, "dont_email": false}}, {"model": "models.volunteer", "pk": 2, "fields": {"user": 2, "organization": "", "address": 2, "home_phone": "", "cell_phone": "999-999-9999", "work_phone": "", "birth_date": null, "notes": "", "join_date": "2020-04-11", "number_of_people": 1, "dont_email": false}}, {"model": "models.volunteer", "pk": 3, "fields": {"user": 3, "organization": "Judy's Org", "address": 4, "home_phone": "123-456-7845", "cell_phone": "568-895-9999", "work_phone": "", "birth_date": "2019-06-04", "notes": "", "join_date": "2020-04-11", "number_of_people": 1, "dont_email": false}}, {"model": "models.volunteer", "pk": 4, "fields": {"user": 4, "organization": "Wreck", "address": 6, "home_phone": "", "cell_phone": "568-788-4569", "work_phone": "", "birth_date": "2019-11-06", "notes": "", "join_date": "2020-04-11", "number_of_people": 1, "dont_email": false}}, {"model": "models.volunteer", "pk": 5, "fields": {"user": 5, "organization": "", "address": 8, "home_phone": "", "cell_phone": "555-555-5555", "work_phone": "", "birth_date": "2020-04-11", "notes": "", "join_date": "2020-04-11", "number_of_people": 1, "dont_email": false}}, {"model": "models.volunteer", "pk": 6, "fields": {"user": 6, "organization": "ESPN", "address": 10, "home_phone": "000-111-2222", "cell_phone": "333-444-5555", "work_phone": "1112222", "birth_date": "1996-06-01", "notes": "", "join_date": "2018-03-07", "number_of_people": 1, "dont_email": false}}, {"model": "models.volunteer", "pk": 7, "fields": {"user": 7, "organization": "", "address": 12, "home_phone": "", "cell_phone": "555-555-555", "work_phone": "", "birth_date": "2020-04-09", "notes": "", "join_date": "2020-04-11", "number_of_people": 1, "dont_email": false}}, {"model": "models.volunteer", "pk": 8, "fields": {"user": 8, "organization": "Ben's Org", "address": 14, "home_phone": "", "cell_phone": "123-321-878", "work_phone": "", "birth_date": "2019-09-01", "notes": "", "join_date": "2020-04-11", "number_of_people": 1, "dont_email": false}}, {"model": "models.volunteer", "pk": 9, "fields": {"user": 9, "organization": "Dunder Miff", "address": 16, "home_phone": "987-895-8965", "cell_phone": "444-444-4444", "work_phone": "456-987-1245", "birth_date": "2020-04-10", "notes": "", "join_date": "2020-04-11", "number_of_people": 1, "dont_email": false}}, {"model": "models.volunteer", "pk": 10, "fields": {"user": 10, "organization": "ESPN", "address": 2, "home_phone": "321-123-4567", "cell_phone": "123-456-7890", "work_phone": "1234567", "birth_date": "1963-02-08", "notes": "", "join_date": "2019-04-18", "number_of_people": 1, "dont_email": false}}, {"model": "models.volunteer", "pk": 11, "fields": {"user": 11, "organization": "MOW", "address": 19, "home_phone": "", "cell_phone": "333-333-3333", "work_phone": "", "birth_date": "2020-04-01", "notes": "", "join_date": "2020-04-11", "number_of_people": 1, "dont_email": false}}, {"model": "models.volunteer", "pk": 12, "fields": {"user": 12, "organization": "Tonight", "address": 2, "home_phone": "", "cell_phone": "222-333-4568", "work_phone": "", "birth_date": "2020-02-13", "notes": "", "join_date": "2020-04-11", "number_of_people": 1, "dont_email": false}}, {"model": "models.volunteer", "pk": 13, "fields": {"user": 13, "organization": "UVA", "address": 22, "home_phone": "", "cell_phone": "235-897-4512", "work_phone": "", "birth_date": "1997-09-28", "notes": "", "join_date": "2020-04-11", "number_of_people": 1, "dont_email": false}}, {"model": "models.jobtype", "pk": 1, "fields": {"name": "Route"}}, {"model": "models.jobtype", "pk": 2, "fields": {"name": "Shuttle"}}, {"model": "models.jobtype", "pk": 3, "fields": {"name": "Packer"}}, {"model": "models.job", "pk": 1, "fields": {"name": "Earlysville", "num_vols_required": 1, "recurrence": "DTSTART:19700101T050000Z\nRRULE:FREQ=WEEKLY;BYDAY=MO,TU,WE,TH,FR", "job_type": 1}}, {"model": "models.job", "pk": 2, "fields": {"name": "Packer Hot", "num_vols_required": 1, "recurrence": "DTSTART:19700101T050000Z\nRRULE:FREQ=WEEKLY;BYDAY=MO,TU,WE,TH,FR", "job_type": 3}}, {"model": "models.job", "pk": 3, "fields": {"name": "Packer Cold", "num_vols_required": 1, "recurrence": "DTSTART:19700101T050000Z\nRRULE:FREQ=WEEKLY;BYDAY=MO,TU,WE,TH,FR", "job_type": 3}}, {"model": "models.job", "pk": 4, "fields": {"name": "Crozet", "num_vols_required": 1, "recurrence": "DTSTART:19700101T050000Z\nRRULE:FREQ=WEEKLY;BYDAY=MO,TU,WE,TH,FR", "job_type": 2}}, {"model": "models.job", "pk": 5, "fields": {"name": "Scottsville", "num_vols_required": 1, "recurrence": "DTSTART:19700101T050000Z\nRRULE:FREQ=WEEKLY;BYDAY=MO,TU,WE,TH,FR", "job_type": 1}}, {"model": "models.job", "pk": 6, "fields": {"name": "Walmart", "num_vols_required": 3, "recurrence": "DTSTART:19700101T050000Z\nRRULE:FREQ=WEEKLY;BYDAY=MO,TU,WE,TH,FR", "job_type": 1}}, {"model": "models.job", "pk": 7, "fields": {"name": "Timbuktu", "num_vols_required": 2, "recurrence": "DTSTART:19700101T050000Z\nRRULE:FREQ=WEEKLY;BYDAY=MO,TU,WE,TH,FR", "job_type": 1}}, {"model": "models.job", "pk": 8, "fields": {"name": "East", "num_vols_required": 5, "recurrence": "DTSTART:19700101T050000Z\nRRULE:FREQ=WEEKLY;BYDAY=MO,TU,WE,TH,FR", "job_type": 1}}, {"model": "models.route", "pk": 1, "fields": {"description": "Earlysville", "number": 1}}, {"model": "models.route", "pk": 5, "fields": {"description": "", "number": 2}}, {"model": "models.route", "pk": 6, "fields": {"description": "Pick up stuff from Walmart", "number": 3}}, {"model": "models.route", "pk": 7, "fields": {"description": "Going on a journey", "number": 4}}, {"model": "models.route", "pk": 8, "fields": {"description": "To the East", "number": 5}}, {"model": "models.assignment", "pk": 1, "fields": {"volunteer": 8, "job": 1, "day_of_week": 1, "week_of_month": 1}}, {"model": "models.assignment", "pk": 2, "fields": {"volunteer": 8, "job": 1, "day_of_week": 1, "week_of_month": 2}}, {"model": "models.assignment", "pk": 3, "fields": {"volunteer": 8, "job": 1, "day_of_week": 1, "week_of_month": 3}}, {"model": "models.assignment", "pk": 4, "fields": {"volunteer": 8, "job": 1, "day_of_week": 1, "week_of_month": 4}}, {"model": "models.assignment", "pk": 5, "fields": {"volunteer": 8, "job": 1, "day_of_week": 1, "week_of_month": 5}}, {"model": "models.assignment", "pk": 6, "fields": {"volunteer": 4, "job": 3, "day_of_week": 3, "week_of_month": 1}}, {"model": "models.assignment", "pk": 7, "fields": {"volunteer": 4, "job": 3, "day_of_week": 3, "week_of_month": 2}}, {"model": "models.assignment", "pk": 8, "fields": {"volunteer": 4, "job": 3, "day_of_week": 3, "week_of_month": 3}}, {"model": "models.assignment", "pk": 9, "fields": {"volunteer": 4, "job": 3, "day_of_week": 3, "week_of_month": 4}}, {"model": "models.assignment", "pk": 10, "fields": {"volunteer": 4, "job": 3, "day_of_week": 3, "week_of_month": 5}}, {"model": "models.assignment", "pk": 11, "fields": {"volunteer": 9, "job": 3, "day_of_week": 3, "week_of_month": 1}}, {"model": "models.assignment", "pk": 12, "fields": {"volunteer": 9, "job": 3, "day_of_week": 3, "week_of_month": 2}}, {"model": "models.assignment", "pk": 13, "fields": {"volunteer": 9, "job": 3, "day_of_week": 3, "week_of_month": 3}}, {"model": "models.assignment", "pk": 14, "fields": {"volunteer": 9, "job": 3, "day_of_week": 3, "week_of_month": 4}}, {"model": "models.assignment", "pk": 15, "fields": {"volunteer": 9, "job": 3, "day_of_week": 3, "week_of_month": 5}}, {"model": "models.assignment", "pk": 16, "fields": {"volunteer": 11, "job": 5, "day_of_week": 3, "week_of_month": 1}}, {"model": "models.assignment", "pk": 17, "fields": {"volunteer": 11, "job": 5, "day_of_week": 3, "week_of_month": 3}}, {"model": "models.assignment", "pk": 18, "fields": {"volunteer": 11, "job": 5, "day_of_week": 3, "week_of_month": 5}}, {"model": "models.assignment", "pk": 21, "fields": {"volunteer": 2, "job": 8, "day_of_week": 1, "week_of_month": 1}}, {"model": "models.assignment", "pk": 22, "fields": {"volunteer": 2, "job": 8, "day_of_week": 2, "week_of_month": 1}}, {"model": "models.assignment", "pk": 23, "fields": {"volunteer": 2, "job": 8, "day_of_week": 3, "week_of_month": 1}}, {"model": "models.assignment", "pk": 24, "fields": {"volunteer": 2, "job": 8, "day_of_week": 4, "week_of_month": 1}}, {"model": "models.assignment", "pk": 25, "fields": {"volunteer": 2, "job": 8, "day_of_week": 5, "week_of_month": 1}}, {"model": "models.assignment", "pk": 26, "fields": {"volunteer": null, "job": 7, "day_of_week": 1, "week_of_month": 1}}, {"model": "models.assignment", "pk": 27, "fields": {"volunteer": null, "job": 7, "day_of_week": 3, "week_of_month": 1}}, {"model": "models.assignment", "pk": 28, "fields": {"volunteer": null, "job": 7, "day_of_week": 5, "week_of_month": 1}}, {"model": "models.assignment", "pk": 29, "fields": {"volunteer": null, "job": 7, "day_of_week": 1, "week_of_month": 2}}, {"model": "models.assignment", "pk": 30, "fields": {"volunteer": null, "job": 7, "day_of_week": 3, "week_of_month": 2}}, {"model": "models.assignment", "pk": 31, "fields": {"volunteer": null, "job": 7, "day_of_week": 5, "week_of_month": 2}}, {"model": "models.assignment", "pk": 32, "fields": {"volunteer": null, "job": 7, "day_of_week": 1, "week_of_month": 3}}, {"model": "models.assignment", "pk": 33, "fields": {"volunteer": null, "job": 7, "day_of_week": 3, "week_of_month": 3}}, {"model": "models.assignment", "pk": 34, "fields": {"volunteer": null, "job": 7, "day_of_week": 5, "week_of_month": 3}}, {"model": "models.assignment", "pk": 35, "fields": {"volunteer": null, "job": 7, "day_of_week": 1, "week_of_month": 4}}, {"model": "models.assignment", "pk": 36, "fields": {"volunteer": null, "job": 7, "day_of_week": 3, "week_of_month": 4}}, {"model": "models.assignment", "pk": 37, "fields": {"volunteer": null, "job": 7, "day_of_week": 5, "week_of_month": 4}}, {"model": "models.assignment", "pk": 38, "fields": {"volunteer": null, "job": 7, "day_of_week": 1, "week_of_month": 5}}, {"model": "models.assignment", "pk": 39, "fields": {"volunteer": null, "job": 7, "day_of_week": 3, "week_of_month": 5}}, {"model": "models.assignment", "pk": 40, "fields": {"volunteer": null, "job": 7, "day_of_week": 5, "week_of_month": 5}}, {"model": "models.assignment", "pk": 41, "fields": {"volunteer": 10, "job": 8, "day_of_week": 2, "week_of_month": 1}}, {"model": "models.assignment", "pk": 42, "fields": {"volunteer": 10, "job": 8, "day_of_week": 4, "week_of_month": 1}}, {"model": "models.assignment", "pk": 43, "fields": {"volunteer": 10, "job": 8, "day_of_week": 2, "week_of_month": 2}}, {"model": "models.assignment", "pk": 44, "fields": {"volunteer": 10, "job": 8, "day_of_week": 4, "week_of_month": 2}}, {"model": "models.assignment", "pk": 45, "fields": {"volunteer": 10, "job": 8, "day_of_week": 2, "week_of_month": 3}}, {"model": "models.assignment", "pk": 46, "fields": {"volunteer": 10, "job": 8, "day_of_week": 4, "week_of_month": 3}}, {"model": "models.assignment", "pk": 47, "fields": {"volunteer": 10, "job": 8, "day_of_week": 2, "week_of_month": 4}}, {"model": "models.assignment", "pk": 48, "fields": {"volunteer": 10, "job": 8, "day_of_week": 4, "week_of_month": 4}}, {"model": "models.assignment", "pk": 49, "fields": {"volunteer": 10, "job": 8, "day_of_week": 2, "week_of_month": 5}}, {"model": "models.assignment", "pk": 50, "fields": {"volunteer": 10, "job": 8, "day_of_week": 4, "week_of_month": 5}}, {"model": "models.assignment", "pk": 52, "fields": {"volunteer": 12, "job": 6, "day_of_week": 3, "week_of_month": 1}}, {"model": "models.assignment", "pk": 53, "fields": {"volunteer": 12, "job": 6, "day_of_week": 3, "week_of_month": 2}}, {"model": "models.assignment", "pk": 54, "fields": {"volunteer": 12, "job": 6, "day_of_week": 3, "week_of_month": 3}}, {"model": "models.assignment", "pk": 55, "fields": {"volunteer": 12, "job": 6, "day_of_week": 3, "week_of_month": 4}}, {"model": "models.assignment", "pk": 56, "fields": {"volunteer": 12, "job": 6, "day_of_week": 3, "week_of_month": 5}}, {"model": "models.assignment", "pk": 60, "fields": {"volunteer": 6, "job": 8, "day_of_week": 3, "week_of_month": 1}}, {"model": "models.assignment", "pk": 61, "fields": {"volunteer": 6, "job": 8, "day_of_week": 3, "week_of_month": 2}}, {"model": "models.assignment", "pk": 62, "fields": {"volunteer": 6, "job": 8, "day_of_week": 3, "week_of_month": 3}}, {"model": "models.assignment", "pk": 63, "fields": {"volunteer": 6, "job": 8, "day_of_week": 3, "week_of_month": 4}}, {"model": "models.assignment", "pk": 64, "fields": {"volunteer": 6, "job": 8, "day_of_week": 3, "week_of_month": 5}}, {"model": "models.assignment", "pk": 80, "fields": {"volunteer": 10, "job": 4, "day_of_week": 3, "week_of_month": 1}}, {"model": "models.assignment", "pk": 81, "fields": {"volunteer": 10, "job": 4, "day_of_week": 3, "week_of_month": 2}}, {"model": "models.assignment", "pk": 82, "fields": {"volunteer": 10, "job": 4, "day_of_week": 3, "week_of_month": 3}}, {"model": "models.assignment", "pk": 83, "fields": {"volunteer": 10, "job": 4, "day_of_week": 3, "week_of_month": 4}}, {"model": "models.assignment", "pk": 84, "fields": {"volunteer": 10, "job": 4, "day_of_week": 3, "week_of_month": 5}}, {"model": "models.assignment", "pk": 86, "fields": {"volunteer": 9, "job": 6, "day_of_week": 4, "week_of_month": 3}}, {"model": "models.assignment", "pk": 87, "fields": {"volunteer": 9, "job": 6, "day_of_week": 5, "week_of_month": 3}}, {"model": "models.assignment", "pk": 88, "fields": {"volunteer": 11, "job": 1, "day_of_week": 3, "week_of_month": 3}}, {"model": "models.assignment", "pk": 89, "fields": {"volunteer": 12, "job": 2, "day_of_week": 3, "week_of_month": 3}}, {"model": "models.substitution", "pk": 2, "fields": {"volunteer": 2, "assignment": 17, "date": "2020-04-15"}}, {"model": "models.substitution", "pk": 3, "fields": {"volunteer": null, "assignment": 54, "date": "2020-04-15"}}, {"model": "models.substitution", "pk": 4, "fields": {"volunteer": null, "assignment": 8, "date": "2020-04-15"}}, {"model": "models.substitution", "pk": 6, "fields": {"volunteer": null, "assignment": 11, "date": "2020-05-06"}}, {"model": "models.substitution", "pk": 7, "fields": {"volunteer": 9, "assignment": 46, "date": "2020-04-16"}}, {"model": "models.substitution", "pk": 8, "fields": {"volunteer": 5, "assignment": 54, "date": "2020-04-15"}}, {"model": "models.substitution", "pk": 9, "fields": {"volunteer": null, "assignment": 62, "date": "2020-04-15"}}, {"model": "models.substitution", "pk": 10, "fields": {"volunteer": null, "assignment": 87, "date": "2020-04-17"}}, {"model": "models.diet", "pk": 1, "fields": {"name": "REG", "code": "1"}}, {"model": "models.diet", "pk": 2, "fields": {"name": "VEG", "code": "2"}}, {"model": "models.diet", "pk": 3, "fields": {"name": "GF", "code": "3"}}, {"model": "models.pet", "pk": 1, "fields": {"name": "1 Dog"}}, {"model": "models.pet", "pk": 2, "fields": {"name": "1 Cat"}}, {"model": "models.petfood", "pk": 1, "fields": {"name": "Dog Food", "code": "1"}}, {"model": "models.petfood", "pk": 2, "fields": {"name": "Cat Food", "code": "2"}}, {"model": "models.payment", "pk": 1, "fields": {"name": "SELF"}}, {"model": "models.payment", "pk": 2, "fields": {"name": "MOW"}}, {"model": "models.payment", "pk": 3, "fields": {"name": "MIX"}}, {"model": "models.customer", "pk": 1, "fields": {"route": null, "historical_route": "", "join_date": "2020-04-11", "pays": 1, "active": true, "first_name": "Customer", "last_name": "1", "address": 4, "phone": "123-223-2112", "printed_notes": "", "birth_date": "2020-04-01", "sex": "M", "contact": "", "contact_phone": "", "diet": 1, "cold_diet_restrictions": "", "hot_diet_restrictions": "", "pet": null, "petfood": null, "end_date": null, "end_reason": null, "referred": "", "ref_phone": "", "bill_to": "", "notes": "", "meal_recurrence": "", "num_weekend_meals": 0, "dont_email": false, "lat": 38.0284773, "lon": -78.5105752, "_order": 0}}, {"model": "models.customer", "pk": 2, "fields": {"route": null, "historical_route": "", "join_date": "2020-04-11", "pays": null, "active": true, "first_name": "Customer", "last_name": "2", "address": 6, "phone": "123-214-2121", "printed_notes": "", "birth_date": "2020-04-01", "sex": "F", "contact": "", "contact_phone": "", "diet": 1, "cold_diet_restrictions": "", "hot_diet_restrictions": "", "pet": null, "petfood": null, "end_date": null, "end_reason": null, "referred": "", "ref_phone": "", "bill_to": "", "notes": "", "meal_recurrence": "RRULE:FREQ=WEEKLY;BYDAY=MO,WE,FR", "num_weekend_meals": 0, "dont_email": false, "lat": 38.0264748, "lon": -78.5190301, "_order": 1}}, {"model": "models.customer", "pk": 3, "fields": {"route": 8, "historical_route": "", "join_date": "2020-04-11", "pays": null, "active": false, "first_name": "Dr. Shrimp", "last_name": "Scampi", "address": 6, "phone": "123-654-4562", "printed_notes": "", "birth_date": "2020-04-05", "sex": "M", "contact": "", "contact_phone": "", "diet": null, "cold_diet_restrictions": "", "hot_diet_restrictions": "", "pet": null, "petfood": null, "end_date": null, "end_reason": null, "referred": "", "ref_phone": "", "bill_to": "", "notes": "", "meal_recurrence": "RRULE:FREQ=WEEKLY;BYDAY=MO,TU,WE,TH,FR\nRRULE:FREQ=WEEKLY", "num_weekend_meals": 0, "dont_email": false, "lat": 38.0264748, "lon": -78.5190301, "_order": 0}}, {"model": "models.customer", "pk": 4, "fields": {"route": null, "historical_route": "Earlysville", "join_date": "2020-04-11", "pays": null, "active": true, "first_name": "Custo", "last_name": "Mer", "address": 24, "phone": "434-433-4343", "printed_notes": "", "birth_date": "2020-04-03", "sex": "", "contact": "", "contact_phone": "", "diet": null, "cold_diet_restrictions": "", "hot_diet_restrictions": "", "pet": null, "petfood": null, "end_date": null, "end_reason": null, "referred": "", "ref_phone": "", "bill_to": "", "notes": "", "meal_recurrence": "RRULE:FREQ=WEEKLY;BYDAY=MO,WE,FR", "num_weekend_meals": 0, "dont_email": false, "lat": 38.0360929, "lon": -78.5004483, "_order": 2}}, {"model": "models.customer", "pk": 5, "fields": {"route": 1, "historical_route": "", "join_date": "2019-12-19", "pays": null, "active": true, "first_name": "Carole", "last_name": "Baskin", "address": 25, "phone": "123-564-8569", "printed_notes": "", "birth_date": "1942-06-11", "sex": "F", "contact": "", "contact_phone": "", "diet": 2, "cold_diet_restrictions": "", "hot_diet_restrictions": "", "pet": 1, "petfood": 1, "end_date": null, "end_reason": null, "referred": "", "ref_phone": "", "bill_to": "", "notes": "", "meal_recurrence": "RRULE:FREQ=WEEKLY;BYDAY=MO,TU,TH,FR", "num_weekend_meals": 0, "dont_email": false, "lat": 37.9156638, "lon": -78.3264032, "_order": 0}}, {"model": "models.customer", "pk": 6, "fields": {"route": null, "historical_route": "", "join_date": "2020-04-11", "pays": null, "active": true, "first_name": "Mr", "last_name": "Customer", "address": 26, "phone": "222-222-2222", "printed_notes": "", "birth_date": "2020-04-07", "sex": "", "contact": "", "contact_phone": "", "diet": null, "cold_diet_restrictions": "", "hot_diet_restrictions": "", "pet": null, "petfood": null, "end_date": null, "end_reason": null, "referred": "", "ref_phone": "", "bill_to": "", "notes": "", "meal_recurrence": "RRULE:FREQ=WEEKLY;BYDAY=MO,TU,WE,TH,FR", "num_weekend_meals": 0, "dont_email": false, "lat": 38.0284661, "lon": -78.5099107, "_order": 5}}, {"model": "models.customer", "pk": 7, "fields": {"route": null, "historical_route": "", "join_date": "2020-04-11", "pays": 1, "active": true, "first_name": "Customer", "last_name": "3", "address": 27, "phone": "123-124-1232", "printed_notes": "", "birth_date": "2020-04-02", "sex": "M", "contact": "", "contact_phone": "", "diet": 1, "cold_diet_restrictions": "", "hot_diet_restrictions": "", "pet": 1, "petfood": 1, "end_date": null, "end_reason": null, "referred": "", "ref_phone": "", "bill_to": "", "notes": "", "meal_recurrence": "RRULE:FREQ=WEEKLY;BYDAY=MO,TU,WE,TH,FR", "num_weekend_meals": 2, "dont_email": false, "lat": 38.0282034, "lon": -78.5111078, "_order": 6}}, {"model": "models.customer", "pk": 8, "fields": {"route": 5, "historical_route": "", "join_date": "2020-04-11", "pays": null, "active": true, "first_name": "Rickytickle", "last_name": "Bobbywobbin", "address": 2, "phone": "123-456-9898", "printed_notes": "", "birth_date": "2019-01-08", "sex": "F", "contact": "", "contact_phone": "", "diet": null, "cold_diet_restrictions": "", "hot_diet_restrictions": "", "pet": null, "petfood": null, "end_date": null, "end_reason": null, "referred": "", "ref_phone": "", "bill_to": "", "notes": "", "meal_recurrence": "RRULE:FREQ=WEEKLY;BYDAY=MO,TU,WE,TH,FR\nRRULE:FREQ=WEEKLY", "num_weekend_meals": 2, "dont_email": false, "lat": 38.0346902, "lon": -78.5013765, "_order": 0}}, {"model": "models.customer", "pk": 9, "fields": {"route": null, "historical_route": "", "join_date": "2020-04-11", "pays": null, "active": true, "first_name": "Mrs", "last_name": "Customer", "address": 26, "phone": "111-111-1111", "printed_notes": "", "birth_date": "2020-04-13", "sex": "", "contact": "", "contact_phone": "", "diet": 2, "cold_diet_restrictions": "", "hot_diet_restrictions": "", "pet": 2, "petfood": 2, "end_date": null, "end_reason": null, "referred": "", "ref_phone": "", "bill_to": "", "notes": "", "meal_recurrence": "RRULE:FREQ=WEEKLY;BYDAY=FR,SA,SU", "num_weekend_meals": 2, "dont_email": false, "lat": 38.0284661, "lon": -78.5099107, "_order": 8}}, {"model": "models.customer", "pk": 10, "fields": {"route": 5, "historical_route": "", "join_date": "2020-04-11", "pays": null, "active": true, "first_name": "L'Carpetron", "last_name": "Dookmarriot", "address": 28, "phone": "222-344-2576", "printed_notes": "", "birth_date": "1980-06-11", "sex": "M", "contact": "", "contact_phone": "", "diet": null, "cold_diet_restrictions": "", "hot_diet_restrictions": "", "pet": null, "petfood": null, "end_date": null, "end_reason": null, "referred": "", "ref_phone": "", "bill_to": "", "notes": "", "meal_recurrence": "RRULE:FREQ=WEEKLY;BYDAY=MO,TU,WE", "num_weekend_meals": 1, "dont_email": false, "lat": 38.0873072, "lon": -78.4700661, "_order": 1}}, {"model": "models.customer", "pk": 11, "fields": {"route": null, "historical_route": "", "join_date": "2020-04-11", "pays": 2, "active": true, "first_name": "Tiger", "last_name": "King", "address": 26, "phone": "555-555-5555", "printed_notes": "", "birth_date": "2020-04-22", "sex": "", "contact": "", "contact_phone": "", "diet": 2, "cold_diet_restrictions": "", "hot_diet_restrictions": "", "pet": null, "petfood": null, "end_date": null, "end_reason": null, "referred": "", "ref_phone": "", "bill_to": "", "notes": "", "meal_recurrence": "RRULE:FREQ=WEEKLY;BYDAY=MO,TU,WE,TH,FR,SA,SU", "num_weekend_meals": 2, "dont_email": false, "lat": 38.0284661, "lon": -78.5099107, "_order": 10}}, {"model": "models.customer", "pk": 12, "fields": {"route": 6, "historical_route": "", "join_date": "2020-04-11", "pays": null, "active": false, "first_name": "D'Glester", "last_name": "Hardunkichud", "address": 29, "phone": "654-999-1202", "printed_notes": "", "birth_date": "1994-07-06", "sex": "M", "contact": "", "contact_phone": "", "diet": 1, "cold_diet_restrictions": "", "hot_diet_restrictions": "", "pet": null, "petfood": null, "end_date": null, "end_reason": null, "referred": "", "ref_phone": "", "bill_to": "", "notes": "", "meal_recurrence": "RRULE:FREQ=WEEKLY;BYDAY=WE,TH,FR", "num_weekend_meals": 1, "dont_email": false, "lat": 38.0974798, "lon": -78.4672021, "_order": 5}}, {"model": "models.customer", "pk": 13, "fields": {"route": 6, "historical_route": "", "join_date": "2020-04-11", "pays": 1, "active": true, "first_name": "Ozamataz", "last_name": "Buckshank", "address": 30, "phone": "654-812-3333", "printed_notes": "", "birth_date": "1973-06-12", "sex": "M", "contact": "", "contact_phone": "", "diet": 1, "cold_diet_restrictions": "", "hot_diet_restrictions": "", "pet": null, "petfood": null, "end_date": null, "end_reason": null, "referred": "", "ref_phone": "", "bill_to": "", "notes": "", "meal_recurrence": "RRULE:FREQ=WEEKLY;BYDAY=TU,WE,TH", "num_weekend_meals": 0, "dont_email": false, "lat": 38.0502768, "lon": -78.5044943, "_order": 3}}, {"model": "models.customer", "pk": 14, "fields": {"route": 1, "historical_route": "", "join_date": "2020-04-11", "pays": null, "active": true, "first_name": "Shakiraquan", "last_name": "TGIF-Carter", "address": 31, "phone": "365-456-1235", "printed_notes": "", "birth_date": "2002-07-17", "sex": "M", "contact": "", "contact_phone": "", "diet": null, "cold_diet_restrictions": "", "hot_diet_restrictions": "", "pet": null, "petfood": null, "end_date": null, "end_reason": null, "referred": "", "ref_phone": "", "bill_to": "", "notes": "", "meal_recurrence": "RRULE:FREQ=WEEKLY;BYDAY=TH,FR", "num_weekend_meals": 0, "dont_email": false, "lat": 38.0507649, "lon": -78.6819763, "_order": 1}}, {"model": "models.customer", "pk": 15, "fields": {"route": null, "historical_route": "", "join_date": "2020-04-11", "pays": 2, "active": true, "first_name": "Nicpilip", "last_name": "Smurmyvay", "address": 32, "phone": "124-432-1423", "printed_notes": "", "birth_date": "2020-01-29", "sex": "", "contact": "", "contact_phone": "", "diet": 2, "cold_diet_restrictions": "", "hot_diet_restrictions": "", "pet": 2, "petfood": 2, "end_date": null, "end_reason": null, "referred": "", "ref_phone": "", "bill_to": "", "notes": "", "meal_recurrence": "RRULE:FREQ=WEEKLY;BYDAY=MO,WE,FR", "num_weekend_meals": 0, "dont_email": false, "lat": 38.0311065, "lon": -78.5106654, "_order": 14}}, {"model": "models.customer", "pk": 16, "fields": {"route": 6, "historical_route": "", "join_date": "2020-04-11", "pays": null, "active": true, "first_name": "Ibrahim", "last_name": "Moizoos", "address": 33, "phone": "555-987-1232", "printed_notes": "", "birth_date": "1983-11-23", "sex": "M", "contact": "", "contact_phone": "", "diet": null, "cold_diet_restrictions": "", "hot_diet_restrictions": "", "pet": null, "petfood": null, "end_date": null, "end_reason": null, "referred": "", "ref_phone": "", "bill_to": "", "notes": "", "meal_recurrence": "RRULE:FREQ=WEEKLY;BYDAY=WE,TH", "num_weekend_meals": 0, "dont_email": false, "lat": 38.076894, "lon": -78.474471, "_order": 2}}, {"model": "models.customer", "pk": 17, "fields": {"route": 6, "historical_route": "", "join_date": "2020-04-11", "pays": null, "active": true, "first_name": "X-Wing", "last_name": "AtAliciousness", "address": 34, "phone": "333-444-1234", "printed_notes": "", "birth_date": "1994-06-14", "sex": "M", "contact": "", "contact_phone": "", "diet": null, "cold_diet_restrictions": "", "hot_diet_restrictions": "", "pet": null, "petfood": null, "end_date": null, "end_reason": null, "referred": "", "ref_phone": "", "bill_to": "", "notes": "", "meal_recurrence": "RRULE:FREQ=WEEKLY;BYDAY=MO,FR", "num_weekend_meals": 0, "dont_email": false, "lat": 38.0291345, "lon": -78.4405121, "_order": 4}}, {"model": "models.customer", "pk": 18, "fields": {"route": 6, "historical_route": "", "join_date": "2020-04-11", "pays": null, "active": true, "first_name": "Swirvithan", "last_name": "L'Goodling-Splatt", "address": 35, "phone": "124-456-1893", "printed_notes": "", "birth_date": "1988-06-15", "sex": "M", "contact": "", "contact_phone": "", "diet": null, "cold_diet_restrictions": "", "hot_diet_restrictions": "", "pet": null, "petfood": null, "end_date": null, "end_reason": null, "referred": "", "ref_phone": "", "bill_to": "", "notes": "", "meal_recurrence": "RRULE:FREQ=WEEKLY;BYDAY=MO,WE,TH,FR", "num_weekend_meals": 0, "dont_email": false, "lat": 38.0885824, "lon": -78.4707987, "_order": 0}}, {"model": "models.customer", "pk": 19, "fields": {"route": 6, "historical_route": "", "join_date": "2020-04-11", "pays": null, "active": true, "first_name": "Saggitariutt", "last_name": "Jefferspin", "address": 36, "phone": "564-263-9994", "printed_notes": "", "birth_date": "1994-07-15", "sex": "M", "contact": "", "contact_phone": "", "diet": null, "cold_diet_restrictions": "", "hot_diet_restrictions": "", "pet": null, "petfood": null, "end_date": null, "end_reason": null, "referred": "", "ref_phone": "", "bill_to": "", "notes": "", "meal_recurrence": "RRULE:FREQ=WEEKLY;BYDAY=WE,FR", "num_weekend_meals": 0, "dont_email": false, "lat": 38.031753, "lon": -78.5073794, "_order": 1}}, {"model": "models.customer", "pk": 20, "fields": {"route": null, "historical_route": "Walmart", "join_date": "2020-04-11", "pays": null, "active": true, "first_name": "Ankur", "last_name": "Sarker", "address": 26, "phone": "369-789-4564", "printed_notes": "", "birth_date": "2018-02-09", "sex": "M", "contact": "", "contact_phone": "", "diet": null, "cold_diet_restrictions": "", "hot_diet_restrictions": "", "pet": null, "petfood": null, "end_date": null, "end_reason": null, "referred": "", "ref_phone": "", "bill_to": "", "notes": "", "meal_recurrence": "RRULE:FREQ=WEEKLY;BYDAY=WE,TH,FR", "num_weekend_meals": 0, "dont_email": false, "lat": 38.0284661, "lon": -78.5099107, "_order": 6}}, {"model": "models.customer", "pk": 21, "fields": {"route": null, "historical_route": "", "join_date": "2020-04-11", "pays": null, "active": true, "first_name": "Pax", "last_name": "Matek", "address": 37, "phone": "555-234-5432", "printed_notes": "", "birth_date": "2013-06-11", "sex": "M", "contact": "", "contact_phone": "", "diet": null, "cold_diet_restrictions": "", "hot_diet_restrictions": "", "pet": null, "petfood": null, "end_date": null, "end_reason": null, "referred": "", "ref_phone": "", "bill_to": "", "notes": "", "meal_recurrence": "RRULE:FREQ=WEEKLY;BYDAY=TU,FR", "num_weekend_meals": 0, "dont_email": false, "lat": 38.028643, "lon": -78.5090309, "_order": 20}}, {"model": "models.managerannouncement", "pk": 1, "fields": {"created_by": null, "display_until": "2020-04-20", "date_created": "2020-04-11", "announcement": "Meals on Wheels is in need of applesauce donations."}}, {"model": "models.managerannouncement", "pk": 2, "fields": {"created_by": null, "display_until": "2020-04-20", "date_created": "2020-04-11", "announcement": "Volunteers: Please do not eat the food you should be delivering."}}, {"model": "models.customerrecord", "pk": 1, "fields": {"customer": 18, "date": "2020-04-13", "num_meals": 1, "payment_type": null, "route_assigned": 6}}, {"model": "models.customerrecord", "pk": 2, "fields": {"customer": 5, "date": "2020-04-13", "num_meals": 1, "payment_type": null, "route_assigned": 1}}, {"model": "models.customerrecord", "pk": 3, "fields": {"customer": 8, "date": "2020-04-13", "num_meals": 1, "payment_type": null, "route_assigned": 5}}, {"model": "models.customerrecord", "pk": 4, "fields": {"customer": 10, "date": "2020-04-13", "num_meals": 1, "payment_type": null, "route_assigned": 5}}, {"model": "models.customerrecord", "pk": 5, "fields": {"customer": 2, "date": "2020-04-13", "num_meals": 1, "payment_type": null, "route_assigned": null}}, {"model": "models.customerrecord", "pk": 6, "fields": {"customer": 4, "date": "2020-04-13", "num_meals": 1, "payment_type": null, "route_assigned": null}}, {"model": "models.customerrecord", "pk": 7, "fields": {"customer": 17, "date": "2020-04-13", "num_meals": 1, "payment_type": null, "route_assigned": 6}}, {"model": "models.customerrecord", "pk": 8, "fields": {"customer": 6, "date": "2020-04-13", "num_meals": 1, "payment_type": null, "route_assigned": null}}, {"model": "models.customerrecord", "pk": 9, "fields": {"customer": 7, "date": "2020-04-13", "num_meals": 1, "payment_type": 1, "route_assigned": null}}, {"model": "models.customerrecord", "pk": 10, "fields": {"customer": 11, "date": "2020-04-13", "num_meals": 1, "payment_type": 2, "route_assigned": null}}, {"model": "models.customerrecord", "pk": 11, "fields": {"customer": 15, "date": "2020-04-13", "num_meals": 1, "payment_type": 2, "route_assigned": null}}, {"model": "models.customerrecord", "pk": 12, "fields": {"customer": 5, "date": "2020-04-14", "num_meals": 1, "payment_type": null, "route_assigned": 1}}, {"model": "models.customerrecord", "pk": 13, "fields": {"customer": 8, "date": "2020-04-14", "num_meals": 1, "payment_type": null, "route_assigned": 5}}, {"model": "models.customerrecord", "pk": 14, "fields": {"customer": 10, "date": "2020-04-14", "num_meals": 1, "payment_type": null, "route_assigned": 5}}, {"model": "models.customerrecord", "pk": 15, "fields": {"customer": 13, "date": "2020-04-14", "num_meals": 1, "payment_type": 1, "route_assigned": 6}}, {"model": "models.customerrecord", "pk": 16, "fields": {"customer": 6, "date": "2020-04-14", "num_meals": 1, "payment_type": null, "route_assigned": null}}, {"model": "models.customerrecord", "pk": 17, "fields": {"customer": 7, "date": "2020-04-14", "num_meals": 1, "payment_type": 1, "route_assigned": null}}, {"model": "models.customerrecord", "pk": 18, "fields": {"customer": 11, "date": "2020-04-14", "num_meals": 1, "payment_type": 2, "route_assigned": null}}, {"model": "models.customerrecord", "pk": 19, "fields": {"customer": 21, "date": "2020-04-14", "num_meals": 1, "payment_type": null, "route_assigned": null}}, {"model": "models.customerrecord", "pk": 20, "fields": {"customer": 18, "date": "2020-04-15", "num_meals": 1, "payment_type": null, "route_assigned": 6}}, {"model": "models.customerrecord", "pk": 21, "fields": {"customer": 8, "date": "2020-04-15", "num_meals": 1, "payment_type": null, "route_assigned": 5}}, {"model": "models.customerrecord", "pk": 22, "fields": {"customer": 10, "date": "2020-04-15", "num_meals": 1, "payment_type": null, "route_assigned": 5}}, {"model": "models.customerrecord", "pk": 23, "fields": {"customer": 2, "date": "2020-04-15", "num_meals": 1, "payment_type": null, "route_assigned": null}}, {"model": "models.customerrecord", "pk": 24, "fields": {"customer": 19, "date": "2020-04-15", "num_meals": 1, "payment_type": null, "route_assigned": 6}}, {"model": "models.customerrecord", "pk": 25, "fields": {"customer": 4, "date": "2020-04-15", "num_meals": 1, "payment_type": null, "route_assigned": null}}, {"model": "models.customerrecord", "pk": 26, "fields": {"customer": 16, "date": "2020-04-15", "num_meals": 1, "payment_type": null, "route_assigned": 6}}, {"model": "models.customerrecord", "pk": 27, "fields": {"customer": 13, "date": "2020-04-15", "num_meals": 1, "payment_type": 1, "route_assigned": 6}}, {"model": "models.customerrecord", "pk": 28, "fields": {"customer": 6, "date": "2020-04-15", "num_meals": 1, "payment_type": null, "route_assigned": null}}, {"model": "models.customerrecord", "pk": 29, "fields": {"customer": 7, "date": "2020-04-15", "num_meals": 1, "payment_type": 1, "route_assigned": null}}, {"model": "models.customerrecord", "pk": 30, "fields": {"customer": 11, "date": "2020-04-15", "num_meals": 1, "payment_type": 2, "route_assigned": null}}, {"model": "models.customerrecord", "pk": 31, "fields": {"customer": 15, "date": "2020-04-15", "num_meals": 1, "payment_type": 2, "route_assigned": null}}, {"model": "models.customerrecord", "pk": 32, "fields": {"customer": 20, "date": "2020-04-15", "num_meals": 1, "payment_type": null, "route_assigned": null}}, {"model": "models.customerrecord", "pk": 33, "fields": {"customer": 18, "date": "2020-04-16", "num_meals": 1, "payment_type": null, "route_assigned": 6}}, {"model": "models.customerrecord", "pk": 34, "fields": {"customer": 5, "date": "2020-04-16", "num_meals": 1, "payment_type": null, "route_assigned": 1}}, {"model": "models.customerrecord", "pk": 35, "fields": {"customer": 8, "date": "2020-04-16", "num_meals": 1, "payment_type": null, "route_assigned": 5}}, {"model": "models.customerrecord", "pk": 36, "fields": {"customer": 14, "date": "2020-04-16", "num_meals": 1, "payment_type": null, "route_assigned": 1}}, {"model": "models.customerrecord", "pk": 37, "fields": {"customer": 16, "date": "2020-04-16", "num_meals": 1, "payment_type": null, "route_assigned": 6}}, {"model": "models.customerrecord", "pk": 38, "fields": {"customer": 13, "date": "2020-04-16", "num_meals": 1, "payment_type": 1, "route_assigned": 6}}, {"model": "models.customerrecord", "pk": 39, "fields": {"customer": 6, "date": "2020-04-16", "num_meals": 1, "payment_type": null, "route_assigned": null}}, {"model": "models.customerrecord", "pk": 40, "fields": {"customer": 7, "date": "2020-04-16", "num_meals": 1, "payment_type": 1, "route_assigned": null}}, {"model": "models.customerrecord", "pk": 41, "fields": {"customer": 11, "date": "2020-04-16", "num_meals": 1, "payment_type": 2, "route_assigned": null}}, {"model": "models.customerrecord", "pk": 42, "fields": {"customer": 20, "date": "2020-04-16", "num_meals": 1, "payment_type": null, "route_assigned": null}}, {"model": "models.volunteerrecord", "pk": 1, "fields": {"volunteer": 8, "job": 1, "date": "2020-04-13", "original": 8, "is_substitution": false}}, {"model": "models.volunteerrecord", "pk": 2, "fields": {"volunteer": 10, "job": 8, "date": "2020-04-14", "original": 10, "is_substitution": false}}, {"model": "models.volunteerrecord", "pk": 3, "fields": {"volunteer": 10, "job": 4, "date": "2020-04-15", "original": 10, "is_substitution": false}}, {"model": "models.volunteerrecord", "pk": 4, "fields": {"volunteer": 11, "job": 1, "date": "2020-04-15", "original": 11, "is_substitution": false}}, {"model": "models.volunteerrecord", "pk": 5, "fields": {"volunteer": 12, "job": 2, "date": "2020-04-15", "original": 12, "is_substitution": false}}, {"model": "models.volunteerrecord", "pk": 6, "fields": {"volunteer": 9, "job": 3, "date": "2020-04-15", "original": 9, "is_substitution": false}}, {"model": "models.volunteerrecord", "pk": 7, "fields": {"volunteer": 2, "job": 5, "date": "2020-04-15", "original": 11, "is_substitution": true}}, {"model": "models.volunteerrecord", "pk": 8, "fields": {"volunteer": 5, "job": 6, "date": "2020-04-15", "original": 12, "is_substitution": true}}, {"model": "models.volunteerrecord", "pk": 9, "fields": {"volunteer": 9, "job": 8, "date": "2020-04-16", "original": 10, "is_substitution": true}}, {"model": "models.volunteerrecord", "pk": 10, "fields": {"volunteer": 9, "job": 6, "date": "2020-04-16", "original": 9, "is_substitution": false}}, {"model": "admin.logentry", "pk": 1, "fields": {"action_time": "2020-04-11T18:44:59.986Z", "user": 1, "content_type": 4, "object_id": "7", "object_repr": "smithy", "action_flag": 2, "change_message": "[{\"changed\": {\"fields\": [\"password\"]}}]"}}, {"model": "admin.logentry", "pk": 2, "fields": {"action_time": "2020-04-11T19:05:40.999Z", "user": 1, "content_type": 4, "object_id": "9", "object_repr": "dundermifflin", "action_flag": 2, "change_message": "[{\"changed\": {\"fields\": [\"password\"]}}]"}}]